French,English/Yoruba
je,I/Emi
pas,not/kii se
le,the/awon
tu,you/iwo
que,that/iyen
un,a/a
a,has/ni
ne,not/kii se
ce,this/eyi
on,we/awa
ça,that/iyen
une,a/a
pour,to/si
moi,me/emi
qui,who/Tani
y,Y/Y
dans,in/ninu
bien,Well/Daradara
tout,everything/gbogbo nkan
plus,more/die si
mon,my/temi
te,you/iwo
oui,yes/beeni
toi,you/iwo
fait,do/se
as,AS/Bii
faire,To do/Lati se
était,was/je
sur,on/lori
ici,here/Nibi
sais,know/mo
rien,nothing/ko si
dit,said/wi
es,es/es
sont,are/je
cette,this/eyi
quand,when/Nigbawo
par,by/nipase
ton,your/re
peux,can/agolo
vais,go/lo
alors,then/lehinna
comment,How? 'Or' What/Bawo? 'Tabi' Kini
avez,have/ni
ou,Where/Nibo
très,very/pupo
merci,thank you/e dupe
même,even/paapaa
jamais,never/rara
aussi,Also/Pelu
voir,see/wo
chose,thing/nnkan
allez,go/lo
tous,all/gbogbo
deux,of them/ti won
ces,these/wonyi
faut,should/yi
sa,her/tire
êtes,are/je
été,summer/igba ooru
ta,your/re
fais,do/?e
avoir,to have/lati ni
peut,can/agolo
encore,again/l??kansi
maintenant,now/bayi
mes,my/temi
vraiment,really/gaan
temps,time/aago
toujours,always/nigbagbogbo
vie,life/igbesi aye
sans,without/laisi
juste,just/laip?
oh,Oh/Oh
avait,had/ní
vu,seen/ti rii
monde,world/agbaye
fois,time/aago
trop,too/paapaa
viens,come/wa
crois,believe/gbagbo
dieu,god/olorun
dois,must/gbodo
homme,male/ako
père,dad/baba
sûr,safe/lailewu
aux,to the/si Oluwa
étais,is/jo
personne,person/eniyan
chez,at the house of/ni ile ti
vrai,TRUE/Otito
ans,year/odun
mal,wrong/asise
ses,his/tire
parler,to speak/lati soro
après,after/lehin
veut,wants/fe
eu,eu/eu
sera,will be/yio je
parce,by/nipase
mieux,better/dara julo
voilà,so/lo
beaucoup,many/?pupo
mère,mother/iya
monsieur,sir/l
quel,what/kini
déjà,already/tile
gens,people/eniyan
soir,evening/irole
autres,others/awon miiran
ii,II/Ii
toute,all/gbogbo
bonjour,hello/Pele o
ll,ll/ll
maison,home/ile
nom,name/oruko
argent,money/owo
ouais,yeah/beeni
pense,thought/ero
cela,that/iyen
cet,this/eyi
avons,have/ni
désolé,sorry/binu
peur,fear/ijaya
arrive,arrived/de
vite,quickly/yara yara
regarde,looked/wò
air,air/afefe
trois,three/meta
quelle,what/kini
passé,past/ti koja
choses,things/ohun
moins,less/Ti o kere
fils,son/omokunrin
entre,Between/Laarin
bas,low/lo sile
ah,ah/ah
tête,head/ori
demain,tomorrow/?la
arrête,stopped/duro
faites,done/se
voulez,want/fe
attends,hold on/da duro
hein,eh/ebirin
enfants,children/Awon omode
assez,quite/niye
aurais,would have/yoo ni
dû,from/lati
puis,then/lehinna
gars,guys/eniyan
hommes,men/awon okunrin
amour,love/nife
tard,late/pe
sommes,are/je
tuer,kill/pa
eh,eh/ebirin
ami,friend/ore
petite,small/kekere
chance,chance/aye
partir,leave/fi ibikan sile
sait,knows/mo
combien,How many/Melo ni
voiture,car/oko ayokele
part,go/le
problème,problem/isoro
coup,stroke/ikise
serait,would be/yoo je
venir,come/wa
travail,work/ise
pu,could/Le
seule,only/nikan
sens,sense/iye
allons,let's go/jeka lo
contre,against/lodi si
comprends,understand/oye
entendu,understood/loye
trouvé,found/ri
trouver,to find/lati wa
vieux,old/atij?
pendant,during/jakejado
quelques,some/di? ninu
demande,request/ibeere
chercher,look for/wa fun
sous,under/lab?
voici,here is/Eyi ni
sortir,to go out/lati l? si jade
question,question/ibeere
histoire,story/itan
amis,friends/?r?
venez,come/wa
frère,brother/arakunrin
nouveau,new/tuntun
tiens,take/mu
mois,month/o?u
eux,them/w?n
laisse,leave alone/fi sil? nikan
super,Great/Nla
longtemps,long time/o to ojo meta
police,police/?l?pa
eau,water/omi
car,because/nitori
importe,imported/gbe w?le
cas,case/?ran
chaque,each/k??kan
terre,Earth/Ile aye
place,square/oniham?rin
tué,kill/pa
pardon,sorry/binu
ensemble,whole/gbogbo
seulement,only/nikan
mme,Mrs/Iyanu
prie,pray/gbadura
partie,part/apakan
suite,following/at?le
matin,morning/owur?
leurs,their/w?n
aucun,none/ko si
mettre,to put/lati fi
aide,aid/iranw?
étaient,were/j?
perdu,lost/ti s?nu
sois,be/j?
genre,gender/?kunrin
aimerais,would like to/yoo f? lati
attendez,wait/duro
enfant,child/?m?
chambre,bedroom/ibusun
côté,side/?gb?
venu,came/wa
loin,far/jinna
laisser,let/j?
donner,give/fun
savais,knew/m?
compte,account/ak??l?
parlé,speak/s?r?
regardez,look/wo
train,train/k?k?
première,first/akoko
pouvoir,to be able to/lati ni anfani lati
donné,given/fun
mari,husband/baa
écoute,listen/gbo
enfin,finally/l'akotan
devrait,should/y?
mis,put/fisi
film,movie/fiimu
aucune,any/eyikeyi
fort,strong/lagbara
façon,way/?na
pays,country/oril?-ede
prêt,ready/gbaradi
femmes,women/Obinrin
affaire,affair/?ran
pourrais,could/Le
espère,hope/ireti
parti,left/osi
h,h/tani H
endroit,place/ibi
fou,mad/ya were
corps,body/ara
hier,yesterday/ana
dont,of which/ti
désolée,sorry/binu
grande,big/titobi
cause,cause/idi
près,close/sunm?
pensais,thought/ero
chef,chief/oloye
dirait,would say/yoo s?
bébé,baby/?m?
celui,that's why I wrote to you/Ti o ni idi ti Mo k?we si ?
possible,possible/?ee?e
mains,hands/?w?
quatre,four/m?rin
plein,full/kun
semaine,week/?s?
dites,say/s?
tour,tower/ile-i??
école,school/ile-iwe
manger,eat/j?un
vue,seen/ti rii
arrêter,Stop/Duro
instant,moment/lakoko
affaires,business/i?owo
arriver,arrive/de
font,make/?e
c,vs/vs
presque,almost/f??r?
tomber,fall/?ubu
journée,daytime/?j? ?san
voulait,wanted to/f? lati
bureau,office/?fiisi
confiance,trust/igb?k?le
garde,keep/t?ju
serai,will be/yio je
dur,hard/lile
á,has/ni
o,o/o
voyez,see/wo
cours,Classes/Aw?n kilasi
route,road/?na
prend,take/mu
cul,ass/k?t?k?t?
abord,on board/wa ninu ?k?
important,important/pataki
mot,word/?r?
devez,must/gb?d?
minute,minute/i??ju
ferme,closed/ti paade
chien,dog/aja
jeu,Game/ere idaraya
seigneur,lord/oluwa
messieurs,gentlemen/Arakunrin
calme,calm/farabal?
voudrais,would like/yoo f?
heureux,happy/idunnu
prenez,take/gba
mariage,wedding/igbeyawo
voit,sees/wo
parents,parents/aw?n obi
lls,lls/lls
dedans,inside/ninu
entrer,to enter/wole
lit,bed/ibusun
fous,crazy/a?iwere
mlle,Ms/Ms
rentrer,to return/lati pada
ait,has/ni
musique,music/orin
service,service/i??
reviens,come back/pada wa
drôle,funny/apanil?rin
attend,waits/duro
parfois,sometimes/nigbamiiran
téléphone,phone/foonu
retour,return/pada
ira,will go/maa lo
e,e/e
verre,glass/gilasi
général,general/gbogboogbo
new,new/ti tun
six,six/??fa
pensé,thought/ero
l,I/Emi
fête,party/?gb?
coeur,heart/okan
aimes,love/nif?
ci,this/eyi
ferai,will do/ma a se
président,President/Aare
doute,doubt/i?eyemeji
facile,easy/r?run
entends,hear/gb?
appelé,called/ti pe
prison,jail/?w?n
john,john/john
sors,go outside/l? ni ita
vaut,worth/it?si
mauvais,Wrong/A?i?e
oublié,forget it/gbagbe
i,I/Emi
faute,mistake/a?i?e
penser,think/ronu
changer,change/yipada
commence,begin/beere
entendre,To hear/Lati gb?
ies,ies/ies
roi,King/?ba
partout,all over/gbogbo ibi
joue,cheek/?r?k?
cher,dear/oluf?
rendre,render/iba?e
travailler,to work/lati ?i??
malade,sick/?aar?
sinon,otherwise/bib??k?
génial,great/nla
regarder,watch/wo
travaille,work/i??
voulu,desired/f?
cherche,look for/wa fun
sécurité,security/aabo
dès,of the/ti
année,year/?dun
dix,ten/m?wa
bois,drink/oun mimu
mets,put/fisi
jack,jack/ab?
tôt,early/kutukutu
surtout,Above all/Ju gbogbo re lo
arme,armed/ti ologun
t,t/t
avis,opinion/ipinnu
semble,seems/dabi ?ni
penses,thinking/lerongba
livre,book/iwe
dormir,sleep/sun
difficile,difficult/?oro
retard,delay/idaduro
sujet,topic/ak?le
appris,learned/k?k?
maître,master/?ga
morte,dead/ti ku
noir,black/dudu
choix,choice/yiyan
sale,dirty/id?ti
étiez,have been/ti wa
an,year/?dun
ordre,order/pa??
souvent,often/nigbagbogbo
peuvent,can/agolo
visage,face/oju
bout,end/ipari
sérieux,serious/?e pataki
photo,Photo/aworan
rue,street/opopona
tirer,to pull/lati fa
comprendre,understand/oye
semaines,weeks/?s?
marché,market/?ja
honneur,honor/ibuyi
ciel,sky/ofurufu
garder,to keep/lati toju
gauche,left/osi
nouvelles,new/tuntun
avion,plane/?k? ofurufu
con,stupid/omug?
force,strength/agbara
devoir,Homework/I?? a?elele
prix,price/idiyele
propos,about/nipa
bateau,ship/?k? oju-omi
bouge,move/gbe
voix,voice/ohun
rouge,red/pupa
restez,Stay/Duro
pouvais,could/Le
personnes,people/eniyan
ferais,would do/yoo ?e
gueule,mouth/?nu
acheter,buy/ra
continue,keep on going/t?siwaju lori lil?
long,long/gigun
voyage,trip/irin-ajo
bienvenue,welcome/kaab?
idiot,idiot/omug? obinrin
certains,some/di? ninu
hôpital,hospital/ile iwosan
promis,promised/?e ileri
devenir,to become/lati di
grâce,grace/oore-?f?
sûre,safe/lailewu
problèmes,problems/aw?n i?oro
armes,weapons/ohun ija
trucs,stuff/nkan elo
allais,alla/Alla
occupe,to keep busy/lati t?ju l?w?
devait,had to/ni lati
manque,lack/aini
thé,tea/tii
avaient,had/ní
cheveux,hair/irun
salle,Hall/Gb?gan
gagner,to earn/lati jo'gun
erreur,error/a?i?e
cru,believed/gbagb?
pars,go/l?
croyez,believe/gbagb?
sac,bag/apo
oncle,uncle/arakunrin baba
pièce,room/iy?wu
fond,background/agbet?l?
patron,boss/?ga ?kunrin
rapport,report/ijab?
apprendre,learn/k? ?k?
sauver,save/fipam?
seconde,second/ikeji
pensez,think/ronu
ailleurs,elsewhere/ibomiiran
agent,agent/a?oju obinrin
jolie,pretty one/l?wa ?kan
revenir,to come back/lati pada wa
scène,stage/ori
n,not/kii ?e
devons,owe/j? gbese
groupe,band/?gb?
carte,menu/m?nu
aurai,will have/yoo ni
effet,effect/ipa
neuf,nine/??san
fallait,had to/ni lati
monte,mounted/ageku
noël,Xmas/Xmas
venue,come/wa
tire,drawn/fa
droite,right/tit?
seront,will be/yio je
bordel,mess/fi iyin
lumière,light/im?l?
incroyable,unbelievable/aigbagb?
connaît,know/m?
colonel,colonel/?gagun
cheval,horse/??in
écoutez,Listen/T?tisi
joe,joe/Joe
entrez,Come in/Wo ile
coin,corner/igun
auras,auras/aras
fric,money/owo
loi,law/ofin
absolument,absolutely/patapata
cool,cool/dara
magnifique,magnificent/?l?wa
dos,back/?hin
occuper,to occupy/lati gba
présent,here/Nibi
retrouver,to regain/lati tun
réussi,successful/a?ey?ri
frank,Frank/Flank
aviez,had/ní
meilleure,best/dara jul?
doucement,gently/koke
table,table/tabili
lettre,letter/l?ta
rappelle,remember/?eranti
sam,sat/joko
commencer,to start/lati b?r?
agit,act/i?e
sœur,sister/arabinrin
pareil,the same/ikan na
finir,finish/pari
touche,touch/f?w?kan
ignore,ignore/paati
meurtre,murder/paniyan
tranquille,calm/farabal?
bord,edge/eti
tom,Tom/?w?n
parlez,speak/s?r?
fasse,do/?e
complètement,completely/patapata
clair,clear/ko kuro
mauvaise,bad/buburu
lire,read/ka
ferait,would do/yoo ?e
vraie,real/gan an
sept,seven/meje
tombe,fall/?ubu
silence,silence/ipal?l?
sortez,get out/jade
connaître,to know/lati m?
cadeau,present/l?w?l?w?
flics,cops/aw?n olopa
mer,sea/odo
médecin,doctor/dokita obinrin
exact,exact/gan an
moitié,half/idaji
surprise,surprise/iyal?nu
avocat,attorney/a?oju ?kunrin
montre,show/fihan
b,B/B
su,su/su
porter,carry/gbe
télé,TV/Tv
vivant,living/iji
jure,sworn/bura
disent,say/s?
mr,MR/Kun M
devriez,should/y?
aimé,like/f?ran
diable,Devil/Bi?li?si?
ligne,line/ila
mission,assignment/yan fun
suppose,Assumed/Gbero
pote,pal/pal
expliquer,explain/?alaye
monter,ascend/goke
balle,ball/b??lu
photos,Pictures/Aw?n aworan
prête,ready/gbaradi
anglais,English/G??si
sorti,got out/Jáde
k,k/k
bons,good/dara
disparu,gone/l?
tenir,hold/dimu
quitter,leave/fi ibikan sil?
paul,Paul/Paulu
aimer,to like/lati f?ran
voie,way/?na
classe,class/kilasi
huit,eight/?j?
poste,post/ipo
impression,impression/t?jum?
folle,crazy woman/obinrin irikuri
michael,Michael/Michael
bravo,well done/kú isé
amérique,America/Am?rika
suivre,to follow/lati t?le
aille,wing/iy? apa ?y?
oublier,forget/gbagbe
peuple,people/eniyan
honte,shame/itiju
connard,asshole/Iwoomusu
retourner,to return to/lati pada si
chanson,song/orin
arrêté,stopped/duro
enfer,hell/?run-apaadi
écrire,to write/lati k?
lieutenant,lieutenant/?gagun
radio,radio/redio
tenez,hold/dimu
bande,bandaged/ti w?
bob,bob/?ran boun
rend,renders/isire
connu,known/m?
secours,rescue/gba eniyan sil?
vit,lives/igbesi aye
imagine,conceived/loyun
boîte,box/apoti
joué,cheek/?r?k?
triste,sad/banuj?
tel,Phone/Foonu
ressemble,looks like/dabi
coucher,sleep/sun
sortie,exit/Jade
bouche,blocked/dina
certain,certain/daju
visite,visit/?ab?wo
bête,stupid/omug?
retourne,return/pada
approche,approach/sunm?
pourtant,yet/sib?sib?
plusieurs,many/?p?l?p?
sergent,sergeant/saj?nti
système,system/eto
présente,present/l?w?l?w?
faudra,will have to/yoo ni lati
écouter,listen/t?tisi
exemple,example/ap??r?
coups,strokes/aw?n ik?lu
pourra,may/le
sympa,nice/dara
cuisine,food/ounj?
grands,tidy/it?ju
étrange,odd/odd
danger,hazard/ewu
gouvernement,government/ij?ba
danser,to dance/lati jo
lune,moon/o?upa
etre,to be=/lati wa ni =
normal,normal/deedee
santé,health/ilera
ouvrir,open/?ii
nez,nose/imu
secondes,seconds/aaya
amoureux,lover/oluf?
dommage,shame/itiju
pleine,full/kun
mille,thousand/?gb?run
banque,bank/ile-ifowopam?
voler,fly/fo
clé,key/k?k?r?
bonnes,good/dara
servir,to serve/lati sin
journal,log/iti
village,town/ilu
tient,is holding/ti di mu
flic,cop/didak?
salaud,bastard/?m? ale
tiré,drawn/fa
cour,court/ile-?j?
bruit,noise/ariwo
terrible,terrible/bibanil?ru
inspecteur,inspector/olub?wo obinrin
robe,dress/tun?e
bière,beer/Oti bia
tas,pile/akoj?
viennent,are coming/n b?
seuls,only/nikan
préfère,favorite/aayan
dingue,crazy/a?iwere
vent,wind/af?f?
pitié,pity/ikaanu
croit,believes/gbagb?
travers,through/nipas?
club,club/b??lu
garçons,boys/?m?kunrin
conseil,advice/im?ran
sol,floor/il?-il?
bonheur,happiness/idunnu
rêves,dreams/aw?n ala
centre,center/aarin
thé,tea/tii
mike,mike/man
stupide,stupid/omug?
pouvons,can/agolo
vin,wine/waini
fiche,plug/pul??gi
milieu,environment/agbegbe
unis,United/Ti s?d?kan
appelez,call/pe
départ,departure/il? kuro
liste,list/atoj?
gamin,kid/?m?
johnny,johnny/iran jona
différent,different/yat?
verra,will see/yoo ri
probablement,probably/boya
parole,word/?r?
ennemi,enemy/?ta
recherche,research/iwadii
société,society/awuj?
faisais,do/?e
peter,to fart/lati fart
chère,Dear/Oluf?
tourne,turned/yipada
ià,ià/IT
descendre,go down/l? sil?
pose,laid/ti gbe
position,position/ipo
oeil,eye/oju
spectacle,show/fihan
laquelle,which/ewo
rôle,role/ipa
utiliser,use/lo
match,match/baramu
devient,bECOMES/di
quitté,quits/k?
environ,around/ni ayika
plait,beating/lilu
mur,wall/ogiri
blessé,hurt/i?ele?e
mise,putting/s?
you,you/iw?
beauté,beauty/?wa
parie,bett/beret
soldats,soldiers/aw?n ?m? ogun
films,movies/fiimu
américain,American/Ara ilu Am?rika
entrée,Starter/Alak?b?r?
soldat,soldier/jagunjagun
sauter,to jump/lati fo
londres,London/L?nna
lequel,which/ewo
lâche,cowardly/ma?e
église,church/ile-ij?sin
tort,wrong/a?i?e
cerveau,brain/?p?l?
coupable,guilty/j?bi
petites,small/kekere
adresse,address/is?r?si
conduire,drive/wa
justice,justice/onidaj?
venus,Venus/Ohun-ini
adieu,goodbye/O dab?
présenter,to present/lati mu
tombé,fall/?ubu
épouser,marry/f?
frères,brothers/aw?n arakunrin
pourriez,could/Le
ouvrez,open/?ii
nature,nature/ayanm?
gosse,kid/?m?
preuve,proof/?ri
riche,rich/?l?r?
faudrait,should/y?
base,base/il?
fleurs,flowers/aw?n ododo
vide,empty/?'ofo
mademoiselle,miss/padanu
nul,no/k?
histoires,stories/itan
marié,married/ti gbeyawo
défense,defense/aabo
répondre,reply/fesi
responsable,responsible/?eduro fun
deuxième,second/ikeji
mary,mary/Màríà
appartement,apartment/iy?wu
décision,decision/ipinnu
cinéma,movie theater/fiimu fiimu
jeter,discard/daru
dents,teeth/ehin
vacances,holidays/Aw?n isinmi
ravi,very pleased/dun si pup?
tueur,killer/apaniyan
courage,courage/igboya
jésus,Jesus/JESI
allée,aisle/aye
capable,able/anfani
sauvé,Safe/Lailewu
continuez,continue/t?siwaju
paie,pay/sanwo
superbe,stunning/yanilenu
jambes,legs/esè
coupe,chopped off/pa a
immédiatement,immediately/l?s?k?s?
épouse,spouse/laya ?kunrin
telle,such/nkan b??
marie,married/ti gbeyawo
pius,pius/piulu
bombe,bomb/bu gbamu
types,types/ori?i
p,p/p
né,born/bibi
manière,manner/i?ewahu
gagne,won/bori
prévu,planned/gbero
u,U/U
idées,ideas/aw?n im?ran
touché,hit/lu
rendu,rendering/satun?e
monstre,freak/àmi
km,km/km
importance,importance/pataki
joie,joy/ay?
dérange,disturbs/dil?w?
arrivent,arrive/de
pont,bridge/afara
bain,bath/iw?
oubliez,forget/gbagbe
contente,satisfied/itelorun
attendais,expected/nireti
signifie,means/tum? si
américains,American/Ara ilu Am?rika
iis,iis/iis
quitte,quits/k?
poisson,fish/?ja
ayez,have/ni
terrain,ground/il?
horrible,horrible/buruju
chat,cat/ologbo
certaines,some/di? ninu
r,R/R
camion,truck/?k? ak?ru
joyeux,joyful/alay?
shérif,sheriff/sheriff
and,and/ati
dossier,case/?ran
respect,respect/ib?w?
blanche,white/funfun
rencontre,meet/pade
refuse,denied/k?
charge,charge/idiyele
chiens,dogs/aja
dure,lasts/o to
zone,area/agbegbe
animaux,animals/?ranko
meilleurs,best/dara jul?
étions,were/j?
langue,tongue/ah?n
mangé,eat/j?un
douleur,pain/irora
planète,planet/is?gbe
offrir,to offer/lati funni
règles,rules/aw?n ofin
drogue,dope/muna
réalité,reality/otit?
bus,bus/?k? akero
enfoiré,Motherfucker/Iya
dirais,would say/yoo s?
permis,permit/igbalaaye
vécu,lived/gbe
île,Isle/Iga
réunion,meeting/ipade
contraire,opposite/idakeji
mettez,put/fisi
nick,nick/nick
rapide,quick/kiakia
raconte,recount/gba
papier,paper/iwe
discuter,discuss/jiroro
opération,surgery/i?? ab?
cartes,cards/aw?n kaadi
nourriture,food/ounj?
entier,entire/gbogboogbo
toilettes,bathroom/baluw?
spécial,special/pataki
vaisseau,vessel/?k? oju omi
princesse,princess/?m? alade
magasin,warehouse/iko ?ja
sache,beam/eto
bu,drank/mu
découvert,discovered/se awari
pain,bread/bur?di
mignon,cute/wuyi
rends,renders/isire
viendra,will come/yoo wa
imbécile,imbecile/imbecile
essaye,try/igbiyanju
champ,field/papa
personnel,personal/ti ara ?ni
lait,milk/wara
contrat,contract/iwe adehun
partis,gone/l?
mienne,mine/temi
mémoire,memory/iranti
destin,fate/ipin
pleurer,cry/kigbe
couteau,knife/?b?
malin,clever/jafafa
remettre,to put back/lati gbe pada
témoin,witness/?l?ri
restes,remains/toku
mètres,meters/igun
gosses,kids/aw?n ?m? w?w?
aiment,like/f?ran
habite,reside/gbe
foi,faith/igbagb?
puisque,because/nitori
apporté,brought/mu wa
trouvez,Find/Wa
nouveaux,new/tuntun
choisir,Choose/Yan
remercie,thanks/idup?
détruire,destroy/pa run run
université,university/yunifasiti
beaux,beautiful/?l?wa
vitesse,speed/iyara
procès,court case/?j? Ile-?j?
niveau,level/ipele
vus,sees/wo
Alex,Alex/Oji??
failli,falling/ja bo
arbre,tree/igi
papiers,papers/aw?n iwe
mérite,deserved/y? fun
différence,difference/iyato
travaillé,work/i??
disons,let's say/j? ki a s?
aimait,loved/f?ran
caméra,camera/kam?ra
piste,track/orin
sourire,to smile/lati r?rin mus?
accepter,accept/gba
retrouvé,found/ri
charles,Charles/Fi agbara
angleterre,England/Ede G??si
préparer,prepare/gbaradi
marre,fed up/ifunni
forces,strengths/aw?n agbara
énorme,huge/titobi
Danny,Danny/Buru
trés,very/pup?
rentré,go home/l? si ile
officier,officer/O?i??
file,line/ila
programme,program/eto
tommy,Tommy/Tommy
arrêt,stop/Duro
fout,cum/ik?
regrette,regret/kabam?
victime,victim/?niti n jiya ipalara
appartient,belongs/j?
france,France/Faranse
unique,unique/ail?gb?
régler,adjust/tun?e
moindre,lesser/dinku
compter,count/ka
voitures,cars/aw?n ?k? ay?k?l?
énergie,energy/agbara
crise,crisis/wahala
image,image/aworan
dimanche,Sunday/?j? Sundee
richard,richard/buburu
noms,nouns/aw?n oruk?
cassé,broken/fif?
enlever,to remove/lati y? kuro
clés,keys/aw?n b?tini
noire,black/dudu
man,man/?kunrin
dépend,depends/gbarale
réponds,answer/idahun
honnête,honest/ooto
prouver,prove/fihan
souris,mouse/mausu
entendez,hear/gb?
oiseau,bird/eye
belles,beautiful/?l?wa
apporte,brought/mu wa
grandes,large/nla
morceau,piece/nkan
bobby,bobby/bbby
amène,bring/mu wa
quelles,what/kini
cou,neck/?run
étage,stage/ori
bouger,to move/lati gbe
urgence,emergency/ohun ojiji
perds,losers/olopo
meurt,dies/ku
partons,Let's go/Jeka lo
troisième,third/ik?ta
savons,soaps/???
obtenir,get/gba
toit,roof/orule
humains,humans/etan
jardin,garden/?gba ajara
poche,poached/ti it?s?na
méchant,mean/arop?
paradis,heaven/?run
proche,close/sunm?
rejoindre,rejoin/atundara
lors,during/jakejado
crains,fearful/b?ru
règle,rule/dari
frapper,hit/lu
intention,intention/ero
succès,hit/lu
campagne,campaign/ipolongo
raisons,reasons/aw?n idi
alcool,alcohol/?ti
regardé,look at/wo
lee,lee/leese
théâtre,theater/ile ise
vôtre,your/r?
samedi,Saturday/Satidee
pluie,rain/ojo
relation,relationship/ibatan
frappé,hit/lu
maladie,disease/aisan
raté,missed/padanu
dessous,under/lab?
victoire,victoire/vicounfa
voudrait,would like/yoo f?
remarqué,noticed/?e akiyesi
pleure,cry/kigbe
gare,station/ibudo
carrière,career/i?? ?ni
sentiments,feelings/ikunsinu
suivi,follow up/ran leti
vies,lives/igbesi aye
fiston,son/?m?kunrin
vendu,sold/w?
amoureuse,in love/Ninu if?
mens,mens/Aw?n ?kunrin
falloir,to need/lati nilo
chinois,Chinese/Arabara
étranger,foreigner/ajeji ?kunrin
assure,insure/idaabobo
queue,tail/iru
odeur,smell/orun
enlève,remove/y?kuro
produit,product/?ja
meurs,die/ku
secrets,secrets/aw?n a?iri
aies,aies/aw?n ibatan
plage,beach/eti okun
animal,animal/?ranko
frappe,hit/lu
montagne,mountain/okegiga
coffre,chest/aya
passage,passage/?na
suivant,following/at?le
signal,signal/ifihan
discours,speech/?r?
claire,clear/ko kuro
g,g/g
costume,suit/kootu
souhaite,wish/if?
hasard,chance/aye
journaux,newspapers/iwe iroyin
aveugle,blind/afoju
lis,read/ka
retraite,retirement/if?yinti
afin,to/si
vendredi,Friday/?j? Jim?
auraient,would have/yoo ni
obligé,obligatory/dandan
major,major/ak?k?
neige,snow/yinyin
remercier,thank/o ?eun
fusil,gun/ibon
faible,low/l? sil?
pauvres,poor/talaka
cesse,stop/Duro
parfaitement,perfectly/ni pipe
excuses,apologies/idariji
viande,meat/Eran
ministre,minister/oji?? ?l?run
vienne,Vienna/Vienna
gaffe,blunder/ijakadi
cache,hidden/farapam?
décider,decide/pinnu
dort,sleep/sun
jake,jake/egbe
vidéo,video/fidio
vive,long -lived/ti p?
anna,Anna/Anna
martin,Martin/Marin
iui,Iui/Iui
os,bone/eegun
will,will/yoo
date,date/?j?
échapper,escape/sa kuro
droits,rights/aw?n ?t?
montez,go up/l? soke
nouvel,new/tuntun
pensent,think/ronu
génie,genius/oloye
sérieusement,seriously/ni pataki
prépare,prepared/gbaradi
agir,to act/lati ?e
militaire,military/ologun
bal,ball/b??lu
europe,Europe/Yuroopu
californie,California/California
donnez,give/fun
cousin,cousin/?m? ?gb?n obinrin
vert,green/alaw? ewe
poids,weight/iwuwo
volonté,will/yoo
accepte,accepted/gba
recevoir,receive/gba w?le
inquiétez,worry/daamu
célèbre,famous/olokiki
couple,couple/t?k?taya
sexy,sexy/gbese
serons,will be/yio je
certaine,certain/daju
star,star/iraw?
étoiles,stars/iraw?
los,the bone/eegun
resté,rest/isimi
charmant,charming/iwuri
puissant,powerful/lagbara
genoux,knees/kneeskun
mine,mine/temi
pilote,pilot/atuk?
style,style/ara
voulons,want to/f?
amener,to bring/muwa
fortune,fortune/?r?
vieil,old/atij?
arrivés,arrived/de
lève,survey/ifimu
côtés,sides/aw?n ?gb?
chris,Chris/Chris
note,note/akiyesi
préféré,prefer/f?ran
prévenir,prevent/?e idiw?
château,chateau/Lindeau
apparemment,apparently/hihan gedegbe
privé,private/ik?k?
détails,details/aw?n alaye
larry,Larry/Larry
reposer,to rest/lati isinmi
conversation,conversation/itakur?s?
regardes,look/wo
ennemis,enemies/aw?n ?ta
attendent,wait/duro
talent,talent/?bun
aise,easy/r?run
poulet,chicken/adi?
passée,past/ti k?ja
comprend,understand/oye
gorge,throat/?fun
tribunal,court/ile-?j?
découvrir,discover/awari
emmerde,foul/obu
détruit,destroy/pa run run
nerveux,nervous/?aifarabal?
saint,Holy/Mim?
joindre,join/dap?
sentiment,feeling/im?lara
humaine,human/eniyan
acte,deed/iwe if?w?si
pis,worse/buru
enculé,fucked/fa
tuée,killed/pa
pourrez,can/agolo
passera,will pass/yoo k?ja
horreur,horror/?ruj?j?
comptes,accounts/Aw?n iroyin
violence,violence/ipa
fumer,to smoke/lati mu siga
invités,guests/awon alejo
parlais,gauge/oluw?n
job,job/i??
rock,rock/apata
repos,rest/isimi
paquet,pack/atop?
utilise,used/lo
sage,wise/gb?n
aidé,aid/iranw?
intelligent,clever/jafafa
ombre,shadow/iboji
vache,cow/maalu
désert,desert/a?al?
forêt,forest/aginju
extérieur,outside/ita
entré,Between/Laarin
concerne,concerned/fiyesi
dira,will say/yoo s?
it,it/oun
moteur,motor/?k?
ouverte,opened/?í
mince,thin/f?l?f?l?
al,Al/Al
grandi,grown up/ti dagba
dormi,sleep/sun
ordinateur,computer/k?mputa
in,in/ninu
angeles,Angeles/Peati
membres,members/?m? ?gb?
pete,pete/agb?n
surpris,surprised/ya
vole,Fly/Fo
franchement,frankly/s?t?l?
cigarette,cigarette/siga
chemise,shirt/???ti
faisant,doing/n ?e
billet,ticket/Tiketi
reculez,retreat/ipadas?hin
moyens,means/tum? si
importante,important/pataki
unité,unity/is?d?kan
champagne,Champagne/Sahmpeni
pensait,thought/ero
partager,to share/lati pin
smith,smith/yinwa
minuit,midnight/?ganj? oru
américaine,American/Ara ilu Am?rika
courses,races/rin ere
william,William/William
caché,hidden/farapam?
haute,high/giga
sommeil,sleep/sun
riches,rich/?l?r?
maire,mayor/alakoso
mode,fashion/njagun
reviendra,will come back/yoo pada wa
pousse,growth/Idagba
amusant,fun/igbadun
passez,pass/k?ja
rues,streets/ita
risques,risks/Ewu
émission,emission/igba itusil? kan
leçon,lesson/ik?k?
annonce,announcement/ikede
louis,Louis/Louis
imaginer,imagine/ronu
chauffeur,driver/awako
marque,brand/?ya
fesses,buttocks/idi
souvenirs,memories/ìrántí
senti,felt/ro
jeté,thrown/ju
réveiller,wake/ji
hiver,winter/igba otutu
également,also/p?lu
souffle,breath/eemi
arbres,trees/Aw?n igi
saute,jumped up/fo soke
fuir,flee/ferege
meme,same/kanna
casser,to break/lati f?
mentir,lie/ir?
sir,sir/l
no,no/k?
caisse,box/apoti
andy,Andy/Atiyi
lunettes,eyeglasses/Aw?n gilaasi
menteur,liar/onir? obinrin
trouvera,will find/yoo wa
semblant,semblance/ikelese
ignorais,ignorant/alaim?
perdue,lost/ti s?nu
whisky,whiskey/whiskey
rentrez,come back/pada wa
premiers,first/akoko
menace,threat/ihal?
auront,will have/yoo ni
perte,loss/ipadanu
verrez,will see/yoo ri
front,forehead/iwaju-ori
lèvres,lips/ète
mai,may/le
connaissais,knew/m?
gouverneur,governor/gomina
chou,cabbage/eso kabeeji
secrétaire,secretary/ak?we obinrin
écris,wrote/kowe
parlent,talk/s?r?
chaise,chair/ijoko
herbe,grass/koriko
créé,created/ti ??da
manteau,coat/a?? fakop?
études,studies/kawe
ballon,ball/b??lu
mène,led/yori
respire,breath/eemi
japonais,Japanese/Japanese
laisserai,will leave/yoo l? kuro
innocent,innocent/laij?bi
véritable,TRUE/otit?
devenue,become/di
piège,trap/panp?
gloire,glory/ogo
pourraient,could/Le
abri,shelter/ile
explique,Explain/?alaye
fonctionne,works/?i??
pensées,thoughts/ero
fantôme,ghost/iwin
lancer,throw/ju
suit,follows/t?le
changement,change/yipada
choc,shock/ijaya
veste,jacket/a?? kootu kekere
faveur,favor/ojurere
oreille,ear/eti
touchez,touch/f?w?kan
malheureusement,unfortunately/lairi
soudain,suddenly/lojiji
mensonge,lie/ir?
heureusement,fortunately/loriire
emploi,use/lo
nettoyer,to clean/lati nu
attrape,caught/mu
geste,gesture/ifarajuwe
corde,rope/okun
sacrée,sacred/si mim?
siècle,century/?run ?dun
etat,state/ipo
distance,distance/jinna
refusé,refuse/k?
alerte,alert/itaniji
ennuie,bored/ki o sun
remonte,traced back/traced pada
plaisante,pleasant/it?l?run
city,City/Ilu
images,images/aworan
voulaient,wanted/f?
titres,securities/aw?n aabo
moments,moments/asiko
big,big/titobi
atteindre,reach/de
singe,monkey/aaya
frontière,frontier/taxiti
ours,bear/?ranko esi
prisonniers,prisoners/aw?n ?l?w?n
allemand,German/J?mánì
dan,dan/dani
couche,lying down/dubul?
relations,relations/?bí
delà,of the/ti
navire,ship/?k? oju-omi
bite,cock/akuk?
aube,dawn/m?jum?
affreux,awful/buburu
camarade,comrade/olukopa ?kunrin
street,street/opopona
inquiéter,worry/daamu
fatiguée,tired/ti r?
entreprise,company/ile-i??
demandes,requests/Aw?n ibeere
nana,girl/?m? obinrin
coincé,stuck up/di soke
tenu,tenuous/aito
viré,fired/da ?k?
suspect,suspicious/ifura
ressens,feeling/im?lara
directement,directly/Taara
marine,Marine/Omi
prisonnier,prisoner/?l?w?n obinrin
étoile,star/iraw?
jean,Jeans/Sokoto
convaincre,to convince/lati parowa
filer,spin/ran
pousser,push/Ti
protection,protection/idaabobo
signé,sign/aami
crier,to cry out/Lati kigbe
rêvé,dream/ala
respirer,breathe/?mi
propriétaire,owner/oniwun ?kunrin
permettre,to permit/lati y??da
carl,carl/?k? irin
commis,clerk/o?i?? obinrin
laver,wash/f?
hollywood,Hollywood/Hollywood
jeff,Jeff/Jeff
réfléchis,reflected/?e afihan
hais,haz/ikuuku
tir,shot/yinb?n
mac,mac/mac
donnerai,will give/yoo fun
reviendrai,will come back/yoo pada wa
larmes,tears/omigebe
Arthur,Arthur/Ab
pigé,pig/?l?d?
réserve,Reserve/Fipam?
adam,Adam/Aparin Adam
volant,flying/fifo
uniforme,uniform/riri bakanna
différents,different/yat?
maudit,damn/Gbaga
valise,suitcase/apo
prendrai,will take/yoo gba
assurance,assurance/aridaju
abandonné,abandoned/k?
navré,heartbroken/?kan ninu ?kan
prennent,takes/gba
montagnes,mountains/oke oke
juifs,Jews/Aw?n Ju
espérais,hoped/nireti
information,information/alaye
foyer,foyer/hot??li
tourné,turned/yipada
permettez,Allow/Gba laaye
amitié,friendship/ir?p?
concert,concert/aj?dun orin
extraordinaire,extraordinary/ju
davantage,any further/eyikeyi siwaju
saviez,knew/m?
chargé,charged/gba agbara
recommence,start again/b?r? l??kansi
piano,piano/duuru
jouez,play/mu ?i??
ayant,having/nini
ravie,tight/fifun
miles,miles/maili
vierge,virgin/wundia
mauvaises,bad/buburu
objet,object/nnkan
adorable,adorable/iw?rable
chine,China/?aina
réputation,reputation/oruk?
lieux,premises/aw?n agbegbe ile
russes,Russian/Ara ilu R?sia
murs,walls/Odi
etes,are/j?
troupes,troops/aw?n ?m? ogun
bague,Ring/Oruka
cellule,cell/padi
Susan,Susan/Susan
survivre,survive/ye
trouverai,will find/yoo wa
printemps,spring/igba omi
voisins,neighbors/aw?n aladugbo
nuits,nights/oru
chances,odds/aw?n aid?gba
contrôler,control/?akoso
voyais,saw/wo
ancienne,Ancient/Atij?
théorie,theory/alaye
avancez,Advance/Il?siwaju
studio,studio/ile i?ere
exploser,explode/bu gbamu
explosion,blast/ik?lu
fiancée,fiancee/fiwa?eni
évident,obvious/daju
gardé,kept/t?ju
Annie,Annie/Annie
témoins,witnesses/?l?ri
désir,desire/if?
humanité,humanity/?da eniyan
amen,Amen/Amin
palais,palace/aafin
cirque,circus/agbegbe
cinglé,crazy/a?iwere
conduis,driven/gb?
sales,dirty/id?ti
traces,traces/waki
station,station/ibudo
construire,build/k?
joey,Joey/Weey
siège,headquarters/ile olori
Kelly,Kelly/Kelly
semblait,seemed/dabi ?ni
lourd,heavy/wuwo
lá,the/aw?n
égal,equal/deede
surveille,monitoring/àfi?e
poule,chicken/adi?
devraient,should/y?
soif,thirst/oungbe
haine,hate/korira
surveiller,to watch/lati wo
ted,ted/tid
marin,marine/omi
traité,treaty/maj?mu
vivent,live/gbigbe laaye
entière,whole/gbogbo
résultat,result/abajade
préparé,prepare/gbaradi
top,top/oke
enchantée,Nice to meet you/Inu mi dun lati pade yin
gardien,guardian/olut?ju ?kunrin
traite,treaty/maj?mu
commun,commmon/common
pêche,sin/???
tien,yours/Tir?
posé,laid/ti gbe
libérer,to free/si ?f?
gamins,kids/aw?n ?m? w?w?
taule,jail/?w?n
retournez,return/pada
médicaments,medications/oogun
crâne,skull/agbari
débile,stupid/omug?
délicieux,delicious/aladun
ed,ED/Ed
king,King/?ba
liquide,liquid/omi
réglé,rule/dari
gay,gay/onibaje
répéter,repeat/tun
auprès,with/p?lu
tâche,task/i??
plu,enjoyed/gbadun
joueur,player/o?ere obinrin
aurons,will have/yoo ni
up,up/oke
traiter,treat/?esi
secteur,sector/?ka
appelée,called/ti pe
roman,novel/iwe akak?gb?n
veille,day before/?j? ?aaju
étudier,to study/lati iwadi
physique,physical/tara
passait,passed/koja
concours,competition/idije
jaune,yellow/y?lo
victor,Victor/Abowa
vision,vision/iwoye
black,black/dudu
lentement,slowly/laiyara
dick,dick/di igi
matt,matt/nitori
kilomètres,kilometers/kilomita
sers,serve/iran??
vivante,lively/?l?yaya
spéciale,special/pataki
prof,teacher/oluk? ?kunrin
poissons,Pisces/Pisces
bosser,work/i??
cherchais,sought/wa
empire,empire/oril? ?ba
cigarettes,cigarettes/siga
devrions,should/y?
atteint,hit/lu
infirmière,nurse/n??si
descendez,Go down/L? sil?
baisse,decrease/dinku
rare,rare/til?
sauvage,wild/egan
virer,fire/ina
fumée,smoke/ruufin
engagé,engaged/kopa
cloche,Bell/Agogo
brian,brian/biriki
magique,Magic/Idan
chers,Dear/Oluf?
comité,committee/aj??gbim?
jaloux,jealous/ojowu
rouges,red/pupa
ambulance,ambulance/?k? alaisan
rentrée,back to school/Pada si ile-iwe
anne,Anne/Anne
cochon,pig/?l?d?
roger,Roger/Roger
particulier,particular/nipataki
journaliste,journalist/ak?rohin ?kunrin
croix,cross/rek?ja
pareille,likely/?ee?e
royaume,kingdom/ij?
disparaître,to disappear/lati farasin
jus,juice/omi ?san
comte,county/agbegbe
sainte,holy/mim?
soucis,worry/daamu
allemagne,Germany/J?mánì
patience,patience/suuru
fallu,owl/owiwi
net,net/aw?n
suivez,follow/t?le
attendait,was waiting/n duro de
embrasse,kiss/f?nuko
bouffe,food/ounj?
scénario,script/iwe ?dun
endroits,locations/Aw?n ipo
brûler,burn/ina
nommé,appointed/yan
hall,lobby/?d?d?
réalisé,realized/yege
terry,Terry/Terry
enlevé,removed/y? kuro
profond,deep/jijin
réussir,to succeed/lati ?a?ey?ri
répond,respond/fesi
emmené,taken/ya
cadeaux,gifts/?bun
remonter,go back up/l? s?hin
accompagner,accompany/ba rinp?
pot,jar/ikoko
lien,link/?na asop?
imaginez,Imagine/Ronu
excusez,Excuse/Gafara
trompé,deceived/tan
cadavre,corpse/oku
bouton,button/b?tini
centaines,hundreds/?g??g?run
poussière,dust/eruku
piscine,pool/adagun-odo
entraînement,coaching/ik?k?
terminée,finished/ti pari
esprits,spirits/aw?n ?mi
inviter,invite/fiwepe
imagination,imagination/oju inu
existence,existence/iwalaye
empereur,emperor/oloye
décide,decided/pinnu
eric,Eric/Eric
ascenseur,lift/gbe soke
criminel,criminal/?daran
terres,lands/aw?n il?
promesse,promise/ileri
craint,fear/ijaya
croyait,believed/gbagb?
courrier,mail/meeli
écran,screen/iboju
anciens,old -fashioned/oge atijo
cris,cries/igbe
passes,passes/k?ja
combattre,combat/ijakadi
réveille,wake up/jii dide
souffre,suffer/jiya
malheureux,unfortunate/lori buburu
brisé,broken/fif?
garage,garage/gareji
russie,Russia/Russia
bêtes,beasts/?ranko
tenter,to attempt/lati gbiyanju
passent,pass/k?ja
ferez,will do/ma a se
pub,pub/pub
version,version/?ya
permet,allow/gba laaye
parte,part/apakan
section,section/abala
propriété,property/ohun-ini
étrangers,foreigners/aw?n alejò
finis,finish/pari
erreurs,errors/a?i?e
examen,review/atuny?wo
nation,nation/oril?-ede
approchez,approach/sunm?
différentes,different/yat?
cap,cap/fila
meurtres,murders/aw?n ipaniyan
juré,sworn/bura
chic,chic/idije
aimerait,would like/yoo f?
sable,sand/erup?
lutte,struggle/tiraka
is,is/j?
japon,Japan/Ilu ilu Japan
ya,ya/ya
indiens,Indian/Ara ilu Indiani ?kunrin
restent,remain/wa
seins,tits/ori?i
étonnant,amazing/iyal?nu
uns,some/di? ninu
inventé,invented/ti ??da
ment,is lying/j? eke
pratique,convenient/r?run
idéal,ideal/bo?ey?
maîtresse,mistress/oluwa
fume,smoke/ruufin
équipage,crew/?gb? aw?n atuk?
crie,calls out/aw?n ipe jade
laura,laura/Laura
commission,commission/ififunni
boit,drinking/mimu
bombes,bombs/aw?n ?sun
figure,figure/n?nba
revolver,revolver/agbat?
crème,cream/ipara
rat,rat/ekute
tempête,storm/efuufu
refaire,remake/atun?e
née,born/bibi
supporte,support/atil?yin
voyait,saw/wo
fuite,leak/s? a?iri
nationale,national/Oril?-ede
estomac,stomach/ikun
machines,machines/?r?
emily,Emily/Emily
ouah,Wow/Iro ohun
bijoux,jewelry/ohun ???
lâcher,let go/j? ki o l?
couleurs,colors/Aw?n aw?
Wilson,Wilson/Wilson
incendie,fire/ina
camarades,comrades/aw?n alabadoko
médecins,doctors/aw?n dokita
peinture,painting/kikun
reconnaître,to acknowledge/lati gba
dollar,dollar/dola
coupez,cut/ge
prénom,first name/Oruk? ak?k?
puce,chip/ge kuro
prier,pray/gbadura
voisin,neighbor/alabagbele
officiers,officers/aw?n olori
bains,baths/aw?n iw?
démon,demon/ànj??nu?
pierres,stones/okuta
miroir,mirror/digi
lumières,lights/Aw?n ina
actrice,actress/o?ere
jouait,played/dun
vérifie,checked/?ay?wo
comportement,behaviour/i?esi
aient,have/ni
nôtres,ours/tiwa
obtenu,obtained/gba
Ryan,Ryan/Ryan
boss,boss/?ga ?kunrin
parier,to bet/lati t?t?
correct,correct/peye
septembre,september/o?u K?san
libres,free/?'ofo
appellent,call/pe
repose,rests/isimi
protège,protected/daabobo
tasse,Cup/Ife
pensée,thought/ero
salaire,salary/owo i??
bagnole,car/?k? ay?k?l?
jolies,pretty/?l?wa
récompense,reward/ère
essayons,let's try/J? ki a gbiyanju
musée,Museum/Ile-?n?
bébés,babies/aw?n ?m?
plaisantes,pleasant/it?l?run
échappé,escape/sa kuro
fausse,fake/?bu
jury,jury/igbim?-onigb?j?
approcher,approach/sunm?
espagne,Spain/Ajum??e
aprés,after/l?hin
condition,condition/ipo
vend,sells/ta
masque,mask/iboju
appellerai,will call/yoo pe
pouvoirs,powers/agbara
annoncer,announce/ikede
origine,origin/orisun
apprends,learn/k? ?k?
poitrine,chest/aya
tape,tape/teepu
remis,discarded/asonu
couvert,covered/bori
large,wide/f?
pressé,press/ju
nu,naked/ihoho
loup,wolf/aja igbo
urgent,urgent/kiakia
vélo,bike/keke
armé,armed/ti ologun
flotte,fleet/?k?lu
foutez,chatter/olu kolu
oeufs,eggs/?yin
élève,student/?m? ile-iwe ?kunrin
daniel,Daniel/Daniel
êtres,beings/omi
minable,shabby/shabby
cérémonie,ceremony/ay?y?
gordon,gordon/gordon
salauds,bastard/?m? ale
disque,disk/disiki
résoudre,to resolve/lati yanju
scientifique,scientist/ak?k? im?-jinl? obinrin
colle,glue/ohun
lady,lady/iyaafin
maximum,maximum/o p?ju
installer,to install/lati fi sori ?r?
blessés,wounded/gb?gb?
effort,effort/akitiyan
iras,IRAS/Ipon
commandement,commandment/ofin
panne,breakdown/ko ?i??
visiter,to visit/b?wò
venais,came/wa
pointe,point/aaye
moque,mocking/n?a?i??
chambres,bedrooms/aw?n yara iy?wu
convaincu,convinced/daniloju
raisonnable,within reason/Laarin idi
aiiez,AIIZ/Aiiz
rencontrés,met/pade
qualité,quality/didara
irait,would go/yoo l?
joseph,joseph/Jotán
esclave,slave/?ru obinrin
milliards,billion/bili?nu
oeuvre,artwork/i?? ada?e
bible,Bible/Bibeli
boule,ball/b??lu
sacs,bags/aw?n baagi
avocats,lawyers/aw?n amofin
meurent,die/ku
union,union/?gb?
sally,sally/sally
blesser,hurt/i?ele?e
taylor,Taylor/Taylor
maggie,Maggie/Maggie
malades,sick/?aar?
jungle,jungle/igbo
jugement,judgement/idaj?
essai,essay/arosi
écrivain,writer/oluk?we
digne,worthy/t?si
vérifié,checked/?ay?wo
brûlé,burnt/sal?
sauté,jumped up/fo soke
enterrement,burial/isinku
prenne,take/mu
engager,to hire/lati b?w?
rayon,Ray/Itansan
traître,traitor/?l?t?
berlin,Berlin/Berlin
orange,orange/?san
voudras,will want/yoo f?
sentais,Smelt/Mu siga
élèves,students/?m? ile-iwe
faisaient,were doing/n ?e
partage,share/pin
légende,legend/itan-ak??l?
voleurs,thieves/aw?n ?l?sà
fruits,fruits/unr?r?
préviens,warn/kil?
policiers,policeman/?l?pa
meilleures,best/dara jul?
cassette,cassette/kas?ti
sommet,Mountain peak/Oke tente oke
remplacer,replace/r?po
objets,objects/aw?n ohun
cage,cage/ile-?y?
saurais,would be/yoo j?
limite,limit/opin
ailes,wings/iy?
explication,explanation/alaye
floride,Florida/Florida
condamné,sentenced/ti ?j?
recule,recuis/gba ohun
bénisse,bless/ibukun
associé,associated/ni nkan ?e
auteur,author/onk?we ?kunrin
écouté,listen/t?tisi
sorcière,witch/aj?
adulte,adult/agbalagba
communauté,community/agbegbe
éducation,education/eto ?k?
ramené,brings back/mu pada
bagarre,fight/ija
escalier,stairs/abagunke
désire,longed for/Tiun fun
kilos,pounds/poun
véhicule,vehicle/?k?
wayne,wayne/Wayne
chasser,hunt/??d?
bottes,boots/orunkun
objectif,purpose/idi
patients,patients/aw?n alaisan
respecte,respect/ib?w?
colline,hill/apata
effets,effects/aw?n ipa
blessure,wound/egbo
messages,messages/Aw?n ifiran??
crimes,crimes/odari
moscou,Moscow/Irugbin il?
voudra,will want to/yoo f? lati
domaine,domain/ìpá-a??
organisation,organization/agbari
aimable,friendly/?r?
forts,strong/lagbara
eue,eue/eee
voyager,"to travel/lati rin irinajo, Rin irinajo"
arrestation,arrest/mule
fasses,make/?e
pizza,pizza/pizza
dossiers,files/aw?n faili
tunnel,tunnel/oju eefin
voudrez,will want/yoo f?
roses,roses/aw?n Roses
poursuivre,pursue/lepa
ranger,tidy/it?ju
aidera,will help/yoo ran
tours,towers/ile-i??
retire,took of/mu ti
autorisation,permission/igbalaaye
risqué,risk/ewu
hitler,Hitler/Hitler
rond,round/yika
anges,angels/Aw?n ang?li
soutien,support/atil?yin
rentres,return/pada
tokyo,Tokyo/Tokyo
proposition,proposal/iwe igb?k?le
soirs,evenings/ir?l?
ministère,ministry/?fiisi alakoso
magazine,magazine/magasini
verres,glasses/digi
échec,failure/ikuna
plaire,to please/lati wu
miller,miller/mn?r
cons,cons/kosi
drapeau,flag/asia
possède,possesses/ni anfani
production,production/i?el?p?
précieux,precious/oniye-lori
religion,religion/?sin
épreuve,test/idanwo
retenir,retain/mudani
Frankie,Frankie/Frankie
pisser,piss/piss
Barry,Barry/Bamu
circonstances,circumstances/alaye
kong,kong/kong
mignonne,cute/wuyi
excellence,Excellency/Gabida
auto,car/?k? ay?k?l?
do,do/?e
enterré,buried/sin
tandis,while/igba pip?
duc,duke/dupe
pêre,dad/baba
ooo,ooo/ooo
charme,charm/tun?e
arrangé,arranged/?eto
guitare,guitar/jita
Sophie,Sophie/Soplie
Jesse,Jesse/Jesse
Bruce,Bruce/Burk
Sara,Sara/Sara
Luke,Luke/Luku
taper,type/t?
critique,critical/?e pataki
secrète,secret/ik?k?
terminer,to end/lati pari
hauteur,height/giga
comédie,comedy/awada
cimetière,graveyard/ibi-isinku ayika ile-ij?sin
cardiaque,heart/?kan
fêter,to celebrate/lati ?e ay?y?
occupée,busy/n?i?? l?w?
géniale,brilliant/ja
limites,limits/aw?n idiw?n
précis,precise/?eg?g?
plateau,tray/?p?n
viendrai,will come/yoo wa
rempli,completed/pari
clairement,clearly/kedere
intérêts,interests/nifesi
langage,speech/?r?
aides,aid/iranw?
feux,fires/fi ab?
Betty,Betty/T?t?
incapable,unable/alailagbara
mercredi,Wednesday/?j?-aye
souffrance,suffering/ijiya
posez,Place/Ibi
ali,Ali/Amule
fenêtres,Windows/Windows
électrique,electric/ina m?nam?na
rentrons,Let's go back/J? ki a pada s?hin
Harvey,Harvey/Harvey
produits,products/Aw?n ?ja
grace,grace/oore-?f?
bleus,blue/bulu
yeah,Yeah/B??ni
saches,know/m?
national,national/Oril?-ede
avenue,avenue/?na gbooro
evidemment,obviously/han gbangba
reçois,receive/gba w?le
collier,necklace/?gba
séance,session/ijoko
placard,closet/k?s??t?
criminels,criminals/aw?n ?daràn
irais,go/l?
sandwich,sandwich/san-wi?
boston,Boston/?ranko-gbigbo
places,places/aw?n aaye
moral,moral/iwara
mêre,mother/iya
stanley,Stanley/Stanley
trouvait,found/ri
auparavant,previously/t?l?
personnellement,personally/tiwani
fièvre,fever/ibà
actes,acts/i??
amant,lover/oluf?
concernant,re/tun
las,the ace/ace
ferons,will do/ma a se
cherchent,they search/W?n wa
exécution,execution/ipaniyan
ann,Ann/Eniyan
pédé,fag/fagi
prière,pray/gbadura
hélas,Alas/Alas
bateaux,boats/?k? oju-omi kekere
allaient,were going/n l?
durer,last/k?ja
alarme,alarm/itaniji
commencez,start/b?r?
furent,were/j?
prenait,taking/mu
brad,brad/bà
entièrement,entirely/patapata
médecine,medicine/òògùn
sensible,sensitive/ni ikanra
poudre,powder/iy?fun
finale,final/igb?hin
durs,hard/lile
esclaves,slaves/?rú
beurre,butter/b?ta
documents,documents/Aw?n iwe a??
taré,tare/ture
rick,rick/rib?
détail,retail/fun soora
mettent,put/fisi
congrès,Congress/Apej?p?
épaule,shoulder/ejika
final,final/igb?hin
métro,Metro/Metro
serment,oath/ibura
pardonne,forgiven/idariji
espagnol,Spanish/Ara ilu Spanish
supérieur,superior/onipele
w,W/W
rires,laughter/?rin
tuez,kill/pa
œufs,eggs/?yin
portefeuille,wallet/ohun apam?w?w?
internet,Internet/Intan??ti
expert,expert/im?ran
foutue,fucked up/buruku
rita,rita/rita
réalisateur,director/oludari obinrin
entraîner,lead/adari
martha,martha/Marta
congé,leave/fi ibikan sil?
finira,will end/yoo pari
caméras,cameras/aw?n kam?ra
sauce,sauce/amohundun
balance,balance/iw?ntunw?nsi
extrêmement,extremely/opin
âmes,souls/?mi
commerce,trade/i?owo
salopard,bastard/?m? ale
dette,debt/gbese
admettre,admit/gba
producteur,producer/a?agbejade
attendons,let's wait/J? ki a duro
brise,broken/fif?
juin,june/o?u K?fa
chats,cats/ologbo
remets,put back/fi ?hin pada
Pasteur,Pastor/Alufaa
alliez,combine/dap?
portrait,portrait/aworan
by,by/nipas?
lancé,spear/?k?
diamants,diamonds/okuta iyebiye
juger,judge/onidaj?
renseignements,information/alaye
loué,rented/yalo
travaux,works/?i??
poussé,pushed/ti ti l?
division,division/pinpin
invitation,invitation/ifiwepe
repartir,divide/pin
trous,holes/iho
rappelez,recall/da pada
totale,total/apap?
solide,solid/lagbara
Willie,Willie/Willie
fermée,closed/ti paade
munitions,ammunition/ohun-ija
neveu,nephew/?m?kunrin-arakunrin
téléphoner,call/pe
briser,to break/lati f?
bonbons,candy/taba
blé,wheat/?ka
puits,well/daradara
termine,completed/pari
monstres,monsters/aw?n ohun ibanil?ru
écraser,to crush/Lati fifun pa
espérons,hope/ireti
changera,will change/yoo yipada
adultes,adults/aw?n agbalagba
restée,remained/o wa
fierté,pride/igberaga
pari,bet/t?t?
cessez,stop/Duro
Elizabeth,Elizabeth/Elizabeth
exige,required/beere
Jackie,Jackie/Yakita
Marty,Marty/Martyy
vic,vic/vic
semblez,appear/han
gérer,manage/?akoso
désirez,wish/if?
lampe,lamp/Atupa
causer,cause/idi
comptez,count/ka
rouler,to roll/lati yiyi
filmer,film/fiimu
rapporte,report/ijab?
sourd,deaf/aditi
rage,rage/ibinu
Mamie,Granny/Owo-granny
trahi,betrayed/fi sil?
biens,goods/aw?n ?ru
Lewis,Lewis/Lewis
créatures,creatures/aw?n ?da
militaires,military/ologun
blessures,wounds/aw?n ?gb?
Louise,Louise/?r?
grant,grant/y??da
étudié,studied/k?k?
courez,run/?i?e
soins,care/it?ju
Canada,Canada/Kagan
dépêche,dispatch/fifiran?? si
dégoûtant,disgusting/irira
molly,molly/mogbly
Davis,Davis/Davis
pervers,pervert/eekan
échelle,ladder/akaba
adorer,love/nif?
orchestre,orchestra/orchestra
cadavres,corpses/oku
emprunter,borrow/yawo
exprimer,to express/lati ?alaye
caractère,character/i?esi obinrin
signes,signs/ami
commençons,Let's start/J? ká b?r?
généreux,generous/oninuunre
méchants,bad guys/eniyan buburu
formation,training/Idanileko
bâton,stick/?k?
immense,immense/titobi jul?
mangez,eat/j?un
passant,passing/k?ja
Ruth,Ruth/Rulu
min,min/min
plaque,plate/awo
espion,spy/ajiniwo
connue,known/m?
eaux,waters/omi
deviennent,become/di
cruel,cruel/buru
citoyens,citizens/ara ilu
von,von/von
tension,tension/aibal?
ranch,ranch/?gba ?ranko
Karen,Karen/Karen
organiser,arrange/?eto
étonne,surprised/ya
terroristes,terrorists/aw?n onijagidijagan
that,that/iy?n
ordure,junk/?muti
léger,light/im?l?
unités,units/sipo
populaire,popular/olokiki
joueurs,players/o?ere
beth,beth/agbari
vincent,Vincent/?gangan
intelligence,intelligence/?gb?n
expériences,experiences/aw?n iriri
opérations,operations/Aw?n i??
arrange,arrangement/ilana
dragon,dragon/dragoni
sûrs,safe/lailewu
enterrer,bury/sin
mortel,mortal/iku eniyan
issue,outcome/abajade
demeure,remains/toku
mouche,fly/fo
donna,donna/do donna
octobre,october/o?u K?wa
commandé,order/pa??
procédure,procedure/ilana
objection,objection/atako
relax,Relax/Sinmi
appart,apartment/iy?wu
jouent,are playing/n ?ere
Lincoln,Lincoln/Lincoln
psy,psyche/psyche
manuel,manual/af?w??e
nombreuses,many/?p?l?p?
fit,fit/baamu
asile,asylum/ile iyas?t?
cherchait,was looking for/n wa
branche,plugged/?oki
white,White/funfun
sel,salt/iy?
déçu,disappointed/ibanuj?
tentative,attempt/igbiyanju
négatif,negative/odi
autorités,authorities/aw?n ala??
buter,abut/?d?
proposé,propose/gbero
manières,manners/aw?n i?ewahu
plaindre,complain/?aroye
employé,employee/o?i?? obinrin
blessée,injured/farapa
influence,influence/ipa
bonté,goodness/inuunre
Marcus,Marcus/Marcus
CIA,CIA/Cia
sauvages,wild/egan
personnelle,personal/ti ara ?ni
couvre,coverage/agbegbe
coucou,Hello/P?l? o
audience,audience/apej? eniyan
out,out/jade
impressionnant,impressive/iwunilori
renvoyer,dismiss/tuka
salade,salad/saladi
collègues,colleagues/aw?n ?l?gb?
chefs,chiefs/aw?n ijoye
entendue,heard/gb?
participer,participate/ikopa
réunis,gathered/pej?
plairait,would please/yoo j?w?
trompes,trunk/iti-igi
résister,resist/atako
technologie,technology/im?-?r?
patrie,country/oril?-ede
cousine,cousin/?m? ?gb?n obinrin
habits,clothes/a??
splendide,gorgeous/didara
Ross,Ross/Rows
abattu,beaten down/lu lul?
cran,gut/ifun
tuyau,pipe/opo
accueillir,welcome/kaab?
arracher,to tear out/lati ya jade
régime,diet/ounje
levez,lift/gbe soke
piqué,dive/b? somi
allume,alight/b?l?
promotion,promotion/igbega
juan,Juan/Juan
franc,franc/franc
éteint,extinct/parun
dessin,drawing/iyaworan
guère,hardly/nira
interroger,question/ibeere
paraître,appear/han
département,department/?ka ile i??
obéir,to obey/lati gb?ràn
renforts,reinforcements/aw?n it?s?na
lily,lily/lily
événements,events/Aw?n i??l?
ç,vs/vs
sain,healthy/ilera
devras,must/gb?d?
reprends,resume/b?r? pada
goutte,drop/ju sil?
cole,cole/Cole
souffert,suffer/jiya
excitant,exciting/?e l?yin
saurai,will be/yio je
charlotte,charlotte/Charlotte
sou,soup/?b?
ken,Ken/Ken
benny,benny/?kunrin
volée,stolen/ji
suprême,supreme/giga jul?
changent,change/yipada
revienne,come back/pada wa
solitaire,lonely/dawa
vérifiez,check/?ay?wo
souper,supper/ounj? aj?sun
événement,event/i??l?
remarque,remark/dasi
chevalier,knight/oloye
suffisamment,enough/ti to
charger,load/?ru
produire,produce/mu jade
repris,taken back/mu pada
garce,bitch/abo
étape,step/igbes?
motel,motel/ohun mota
autorisé,authorized/fun ni a??
principale,main/ak?k?
devenus,become/di
italie,Italy/Iwalaye
intéressante,interesting/iwuri
jonathan,Jonathan/Jonathan
invisible,invisible/airi
dégâts,damage/baj?
élever,raise/gbe soke
suggère,suggest/daba
éclater,to burst/lati burst
tabac,tobacco/taba
contacter,contact/kan
émotions,emotions/aw?n ?dun
rattraper,catch up/y?
efficace,efficient/se nkan
linge,laundry/ile-if???
goûter,to taste/lati lenu
possibilité,possibility/o?ee?e
canard,duck/p?p?y?
caporal,corporal/oye
déplacer,move/gbe
morale,moral/iwara
identifier,identify/fihan
pouvaient,could/Le
personnages,characters/ohun kik?
cabane,hut/ahere
attaché,attached/som?
cri,shout/pariwo
kg,kg/kg
séparés,separated/ya s?t?
traîne,dragged/fa
instinct,instinct/ifura
Raymond,Raymond/Ra raymond
pires,worse/buru
coûté,cost/idiyele
adjoint,assistant/olùrànlówó
Stephen,Stephen/Stephen
novembre,november/o?u?u
bonhomme,fellow/?l?gb? obinrin
appuie,support/atil?yin
laissera,will leave/yoo l? kuro
tuent,kill/pa
seules,only/nikan
personnalité,personality/eniyan
leo,leo/leo
scandale,scandal/ibaniloruk?j?
frigo,fridge/firiji
tragédie,tragedy/abam?
commandes,orders/pipa??
pénis,penis/oko
boue,mud/am?
dettes,debts/aw?n gbese
obscurité,darkness/okunkun
pages,pages/oju-iwe
chapitre,chapter/akori
violent,violent/iwara
signature,signature/ib?w?lu
vendeur,seller/ataja obinrin
visages,faces/oju
essayait,was trying/n gbiyanju
serré,tight/fifun
mères,mothers/aw?n iya
tels,such/nkan b??
halte,stop/Duro
collection,collection/akoj?
désastre,disaster/ajalu
mourra,will die/yoo ku
reconnaissance,recognition/idanim?
blagues,jokes/awada
duke,Duke/Dupe
méthode,method/?na
bienvenu,welcome/kaab?
gratuit,free/?'ofo
marches,steps/aw?n igbes?
Brooklyn,Brooklyn/Brooklyn
enfermé,shut in/tiipa
gants,gloves/aw?n ib?w?
rompu,broken/fif?
coïncidence,coincidence/i?e kon-g?
vilain,naughty/ilenibini
trahison,treason/idit?
août,august/O?u K?j?
quatrième,fourth/ik?rin
censée,supposed/y?
devaient,were to/ni lati
placé,square/oniham?rin
ténèbres,darkness/okunkun
enfui,fled/salu
vire,fired/da ?k?
population,population/iye eniyan
manges,eating/jij?
chasseur,hunter/?l?d? obinrin
livraison,delivery/ifiji??
reprend,resumes/b?r? pada
emporte,take away/mu kuro
louer,hire/b?w?
bizarres,bizarre/eem?
journalistes,journalists/oniroyin
câble,cable/okun
longs,long/gigun
estime,valued/wulo
démons,demons/aw?n ?mi è?u
impôts,taxes/owo-ori
massacre,massacre/iparun
pomme,apple/Apu
autoroute,motorway/opopona
sociale,social/awuj?
moyenne,medium/laarin
ingénieur,engineer/?l?r?
doug,Doug/Doug
laissent,leave/fi ibikan sil?
divine,Divine/Gb?san
obligée,compulsory/torúra
concentrer,focus/idojuk?
opéra,opera/ijo
oxygène,oxygen/af?f?
sexuel,sexual/ibalop?
industrie,industry/ile i??
z,Z/Z
sortons,let's go out/j? ki a jade
accent,accent/is?r?si
lawrence,Lawrence/Oruk?
gris,Grey/Aw? eeru
sean,sean/Sean
mesures,measures/aw?n igbese
batterie,drums/aw?n ilu
toast,toast/akara
communication,communication/ibarap?
manche,sleeve/apa a??
grandir,to grow/lati dagba
tonnes,tons/tos
zut,Damn/Gbaga
numéros,numbers/Aw?n n?mba
officiel,official/o?i??
chariot,cart/k?k?
prime,prime/iran
poésie,poetry/ewi
annuler,to cancel/lati fagile
chagrin,grief/ip?nju
ellen,Ellen/Ellen
déconne,disconnect/ge kuro
dennis,Dennis/Dennis
complexe,complex/eka
trafic,traffic/opopona
trouille,funk/?r?
débrouiller,get off/bo sile
commencent,begin/berè
discute,discuss/jiroro
communiste,Communist/?m? ?gb? obinrin
francs,francs/francs
française,French/Faranse
foie,liver/?d?
statue,statue/ere
résistance,resistance/atako
mettra,will put/yoo fi
volontiers,gladly/inudidun
pendu,hanged/adiye
ignorer,ignore/paati
tireur,shooter/ayanm?
eut,had/ní
creuser,dig/hu il?
médaille,medal/ohun-ami iyin
équipement,equipment/ohun elo
chaos,chaos/ipeja
salue,salute/b?w? fun eniyan
survie,survival/iye
trouvés,found/ri
rencontrée,met/pade
longues,long/gigun
gâché,spoils/ikogun
harris,Harris/Harris
fiers,proud/gberaga
contient,contains/ni
oignons,onions/Alubosa
vaches,cows/malu
sensation,sensation/aibal?
chanceux,lucky/orire
gamine,kid/?m?
cooper,cooper/ay?wo
cessé,stopped/duro
ressemblait,looked like/dabi ?ni
plante,plant/ohun ?gbin
solitude,solitude/idawa
activité,activity/i?? ?i?e
mobile,mobile/alagbeka
rejoint,join/dap?
économie,economy/?r? aje
armés,armed/ti ologun
regardent,look/wo
couru,ran/ran
regardait,looked at/wo
ford,Ford/Forisa
terroriste,terrorist/apanilaya ?kunrin
assister,assist/iranw?
bail,lease/ya il?
roue,wheel/k?k?
sachez,know/m?
harold,Harold/Haw?ld
amenez,amenez/amenz
causé,cause/idi
rigoles,channels/aw?n ikanni
présenté,present/l?w?l?w?
mordu,bitten/bu
jacques,Jacques/(
fans,fans/Aw?n egeb onijakidijagan
freddy,Freddy/Freddy
pourvu,provided/pese
décisions,decisions/aw?n ipinnu
jacob,jacob/Jakobu
taux,rate/iw?n
nègre,Negro/Negro
jetez,throw away/ju danu
malédiction,curse/epe
masse,mass/?p?
pompes,pumps/aw?n ifa
reconnaissant,grateful/omoore
pension,pension/if?hinti
regardant,looking/nwa
règne,reign/ij?ba obinrin
saut,leap/fo
terreur,terror/?ruj?j?
avaler,swallow/gbe m?
pratiquement,practically/f?r?
jalouse,jealous/ojowu
outils,tools/Aw?n irin
tueurs,killers/apawa
terriblement,terribly/ibanil?ru
écriture,writing/ik?we
etje,and I/ati Emi
luxe,luxury/inudidun
irez,go on/t?siwaju
ambassadeur,ambassador/a?oju ij?ba
bush,bush/igbo
informer,inform/ifil?
orage,storm/efuufu
revenus,income/owo wiw?le
pisse,piss/piss
sachant,knowing/m?
tombes,fallen down/?ubu lul?
rois,kings/aw?n ?ba
judy,Judy/Iyanu
môme,kid/?m?
diego,diego/Diego
atmosphère,atmosphere/oyi oju-aye
routes,roads/opopona
coach,coach/ak?k?
ennui,boredom/isuni
poème,poem/ewi
jouets,toys/isere
jennifer,Jennifer/Ti Jennifer
revue,review/atuny?wo
adaptation,adaptation/ij?baara
suffira,will suffice/yoo to
collège,middle school/ile-iwe arin
singes,monkeys/obo
otage,hostage/gbalejo
apprécier,enjoy/gbadun
diplôme,diploma/dipiloma
bâtard,bastard/?m? ale
destination,destination/opin irin ajo
analyse,to analyse/lati itupal?
caroline,caroline/agbekari
demandent,request/ibeere
côtes,ribs/?gb?
fermes,farms/oko
royal,royal/?l?la
tit,tit/Nili
mérites,merits/it?si
texte,text/?r?
jusque,until/titi
tigre,tiger/?kun
çà,that/iy?n
be,be/j?
pouce,thumb/atan-pako
requin,shark/eja Shaki
espèces,species/?ya
teddy,teddy/teed
annulé,canceled/paar?
dangereuse,dangerous/o lewu
tiendra,will hold/yoo mu
emmenez,take/mu
passerai,will pass/yoo k?ja
habillé,dressed/w???
satisfait,satisfied/itelorun
sépare,separate/ya s?t?
agi,act/i?e
serre,tight/fifun
neil,neil/ara neil
cassée,broken/fif?
deviez,had to/ni lati
ramasser,to pick up/lati mu
baisser,to lower/lati dinku
pirates,pirates/ajalelokun
so,SO/L?
détendre,loosen/titu
rembourser,refund/agbapada
expliqué,Explain/?alaye
lecture,reading/kika iwe
attire,attracted/han
carrément,downright/asal?
irons,irons/a?aro
mere,mother/iya
pensons,Think/Ronu
travaillais,work/i??
syndicat,union/?gb?
queique,asic/ajatic
indice,index/at?ka
enverrai,will send/yoo firan??
hill,hill/apata
joint,seal/ont?
marques,brands/aw?n burandi
dépassé,outmoded/ti ita
pa,pa/pa
ailles,wounds/aw?n ?gb?
pourront,may/le
clown,clown/alawada
poubelle,garbage can/idoti le
marins,sailors/aw?n ?k? oju-omi
vaincre,overcome/bori
demandait,asked/beere
testament,will/yoo
sonné,wounded/gb?gb?
flammes,flames/ina
dégueulasse,disgusting/irira
administration,administration/abojuto eto ij?ba
envoyée,envoy/eto ?sin
green,green/alaw? ewe
lâché,cowardly/ma?e
épaules,shoulders/ejika
artistes,artists/aw?n o?ere
er,er/eri
énormément,enormously/dara pup?
quittes,quit/l? kuro
accuse,accused/af?sunkan obinrin
importants,important/pataki
écoles,schools/aw?n ile-iwe
cm,cm/cm
reverra,will see again/yoo tun rii
trône,throne/it?
laboratoire,laboratory/ile im?-jinl?
panier,basket/ap?r?
lave,wash/f?
buddy,Buddy/?r?
cuir,leather/aw?
huh,huh/iho
foutus,damn/Gbaga
resterai,will remain/yoo wa
cendres,ashes/asru
environnement,environment/agbegbe
rumeur,rumor/ofofo
vaudrait,would be worth/yoo t?
risquer,risk/ewu
tranquilles,quiet/dak?r?r?
earl,earl/sel?
planté,plant/ohun ?gbin
costumes,costumes/a??
machin,thing/nnkan
indique,noted/?e akiyesi
citoyen,citizen/?m? ilu obinrin
aurions,will have/yoo ni
times,Times/Igba
viol,rape/fi ipa ba obinrin
shirt,shirt/???ti
connards,assholes/aw?n onim?n
essaierai,will try/yoo gbiyanju
accomplir,accomplish/?ey?ri
pipi,pee/pepe
reviennent,come back/pada wa
little,Little/Di?
vodka,vodka/Oti fodika
pétrin,kneaded/woye
déclare,declared/kede
scientifiques,scientists/aw?n onimoro
Anderson,Anderson/Anderson
censés,supposed/y?
Kansas,Kansas/Kannas
boules,balls/aw?n boolu
éclair,flash/filasi
vain,vain/alaiwulo
nuage,cloud/aw?sanma
anneau,ring/oruka
fumier,manure/ajil?
profonde,deep/jijin
étude,study/kawe
atelier,workshop/ile i??
cuisiner,to cook/lati Cook
malheureuse,unhappy/aidunnu
catholique,Catholic/?l?sin Katoliki
précisément,precisely/lafi
talents,talents/talenti
importantes,important/pataki
bouteilles,bottles/ike
vomir,To vomit/Lati vomit
tonnerre,thunder/aruwo-ara
hong,Hong/Niye
destinée,destiny/ipin
plaisanterie,joke/yi apaniyan
piges,rods/?pá
Moore,Moore/Moore
observer,observe/?ay?wo
mines,mines/aw?n i??ju
comtesse,countess/kika ?ni
rate,missed/padanu
coûter,cost/idiyele
Jamie,Jamie/Jamie
télégramme,telegram/t?ligiramu
élu,elected/dibo
stupides,stupid/omug?
partant,go by/l? nipas?
caution,bail/igb?w?
maudite,cursed/eegun
écart,difference/iyato
inquiètes,worried/wahala
oú,Where/Nibo
évidence,evidence/?ri
leçons,lessons/aw?n ?k?
etc,etc/patako ati b?b?
retiré,took of/mu ti
Greg,Greg/Greg
rendent,make/?e
volontaire,deliberate/m??m?
Oliver,Oliver/Ololife
prêter,to lend/lati wín
nichons,tits/ori?i
capitale,capital city/olú ìlú
témoigner,bear witness/j? ?l?ri
équipes,teams/?gb?
partent,leave/fi ibikan sil?
sincèrement,sincerely/lootit?
regretter,to regret/lati kabam?
responsabilités,responsibilities/aw?n oju-i??
dean,dean/diini
partirai,will leave/yoo l? kuro
misère,misery/iyanu
vampires,vampires/vampires
Nina,Nina/Lina
gâteaux,cakes/akara
diamant,diamond/okuta iyebiye
meubles,furniture/ohun ???
voyages,trips/aw?n irin ajo
subir,undergo/ni ab?
allah,Allah/Allah
führer,führer/führer
arrêtée,arrested/mu
explose,explode/bu gbamu
range,tidied up/tidied soke
interview,interview/if?r?wanil?nuwo
voile,sail/ri loju omi
fiches,cards/aw?n kaadi
caravane,caravan/ile-i??n
Manhattan,Manhattan/Iran eniyan
blue,Blue/Bulu
vagues,waves/igbi
pleins,full/kun
commercial,commercial/i?owo
fonction,function/i??
pères,fathers/Aw?n baba
circulation,traffic/opopona
tennis,tennis/t?nisi
Marc,Marc/Marc
civilisation,civilization/?laju
fameux,famous/olokiki
retenu,retained/f?s?mul?
draps,sheets/a?? ibora
servent,serve/iran??
couches,layers/ool?
satellite,satellite/sat?laiti
ramasse,picked up/ti gbe
fillette,girl/?m? obinrin
rendra,will return/yoo pada
observe,observed/?e akiyesi
ouverts,open/?ii
sortait,was going out/n jade
passais,passed/koja
transfert,transfer/gbe si ibomii
bidon,can/agolo
améliorer,improve/tun?e
civil,civil/ara ilu
maintenir,maintain/?et?ju
Vietnam,Vietnam/Vietnam
mangent,eat/j?un
connaissiez,knew/m?
sue,sue/pe
ricky,ricky/ricky
assaut,assault/ik?lu
fâchée,angry/binu
portent,carry/gbe
kay,kay/kay
karl,karl/Karl
pareils,the same/ikan na
tracy,tracy/idije
pr,pr/pr
inconnue,unknown/ohun aim?
disparition,disappearance/ipaar?
nicky,nicky/nicky
pompe,pump/fifa omi
méchante,nasty/?l?gbin
lancement,launch/ifil?l?
quartiers,neighborhoods/adugbo
douceur,candy/taba
tendu,tense/fa nkan
feuille,leaf/ewe
pilotes,pilots/awak?
mâle,male/ak?
tenais,held/waye
royale,royal/?l?la
cordes,ropes/aw?n oorun
arrivez,arrive/de
promenade,ride/gun
magnifiques,magnificent/?l?wa
emma,Emma/Emma
veronica,Veronica/Verica
adn,DNA/DNA
monseigneur,My lord/Oluwa mi
meure,detection/i?awari
airs,tune/orin
emmenée,taken/ya
actuellement,currently/l?w?l?w?
médias,media/aw?n media
avertissement,Warning/Ikil?
brille,shines/tan
conflit,conflict/ogun
pompiers,firefighters/aw?n onija ina
engin,machine/?r?
plains,plains/p?t?l?
foire,fair/aiburu
partira,will leave/yoo l? kuro
soutenir,sustain/t?ju alaisan
beach,beach/eti okun
saigne,bleeding/n??j?
construction,construction/ik?le
boucher,butcher/alapata
missiles,missiles/eeyan
warren,warren/?awariri
régiment,regiment/?gb? ogun kan
remarquer,to remark/lati ?e ifesi
enregistré,checked in/?ay?wo ninu
collins,collins/kopokun
enregistrement,registration/fiforuk?sil?
doutes,doubts/?iyemeji
profit,profit/ere
audition,hearing/gbigb?
lame,blade/ab?
opportunité,opportunity/anfaani
imaginé,conceived/loyun
coke,coke/coke
existent,exist/wa ninu
budget,budget/a?aro
basse,low/l? sil?
déja,already/t?l?
historique,historical/itan
officiellement,officially/ni ifowomuni
osé,daring/darin
éternel,eternal/laelae
serpents,snakes/ejo
demanderai,will ask/yoo beere
médicament,drug/oogun
armées,armies/aw?n ogun
promesses,promises/aw?n ileri
chaînes,chains/aw?n ?w?n
sentait,felt/ro
association,association/?gb?
viennes,viennes/aw?n Vienes
poker,poker/ere eregan
saleté,dirt/id?ti
sandy,sandy/oniyanrin
ã,has/ni
commences,outburst/outburst
crevé,outstanding/dayato
cuba,Cuba/Kuba
wendy,Wendy/A?a
viendront,will come/yoo wa
étudie,studied/k?k?
apportez,bring/mu wa
tribu,tribe/?yà
héroïne,heroin/ak?ni
changements,changes/aw?n ayipada
mouvements,movements/aw?n agbeka
atterrir,to land/si il?
fragile,brittle/ohun ?l?g?
poignée,handle/mu dani
cadre,framework/ilana
genou,knee/orunkun
conçu,designed/ap?r?
revu,saw again/ri l??kansi
légitime,legit/?ri
sauvée,saved/Ti o fipam?
déménager,to relocate/Lati gbe
conne,stupid/omug?
ondes,waves/igbi
ralph,ralph/Ralh
discipline,discipline/is?ra
parié,betrayed/fi sil?
bières,beers/ounj?
arabe,Arab/Gbese
identifié,identified/?e idanim?
décès,death/iku
guy,guy/eniyan
get,Get/Gba
demoiselle,lady/iyaafin
ressemblent,look alike/j?ra
misérable,miserable/oto?i
ancêtres,ancestors/aw?n baba w?n
dormez,sleep/sun
disponible,available/wa
cuit,cooked/jinna
suspects,suspect/?daran
pognon,cash/owo
Ronnie,Ronnie/Ors
établir,establish/fifin
retrouvée,found/ri
sabre,saber/nako?e
André,André/André
continues,continuous/tit?siwaju
kid,kid/?m?
lola,lola/lola
souvient,Remember/?eranti
enfermer,enclose/fi nkan sinu
accorde,allowed/gba ? laaye
chemins,paths/aw?n ?na
troupeau,herd/agbo
saluer,greet/ki eniyan
nettoie,clean/s? di mim?
assiette,plate/awo
touches,keys/aw?n b?tini
impact,impact/ipa
dessins,drawings/yiya
rompre,to break up/lati f? soke
verrons,will see/yoo ri
angoisse,anguish/eegun
états,states/ipinle
écrasé,crushed/ti a t?
tiennent,hold/dimu
Murphy,Murphy/Murphy
Ivan,Ivan/Ifeki
assistante,assistant/olùrànlówó
maquillage,makeup/ifipaju
ticket,ticket/Tiketi
quête,quest/iwaadi
boxe,boxing/apa opo
arriverait,would arrive/yoo de
répétition,repetition/tun?e
agissait,acted/huwa
culpabilité,guilt/?bi
brésil,Brazil/Brazil
penny,penny/ik?we
miracles,miracles/iyanu
vachement,really/gaan
considère,considered/?akiyesi
âne,donkey/k?t?k?t?
comprennent,understand/oye
Christian,Christian/Kristi?ni
Justin,Justin/Justin
méthodes,methods/Aw?n ?na
Tyler,Tyler/Tyler
sortant,outgoing/ti njade
revanche,revenge/?san
mentez,lie/ir?
bud,bud/bugba
Abby,Abby/Abo
placer,to place/lati gbe
absent,absent/aiwa
arrivais,arrived/de
escaliers,stairs/abagunke
routine,routine/ilana-i?e
noté,note/akiyesi
prenais,took/mu
conducteur,driver/awako
subi,suffered/jiya
photographe,photographer/oluyaworan
noires,black/dudu
marchandise,merchandise/?ru-?ja
défaut,default/aiyipada
dog,dog/aja
négocier,to negotiate/Lati duna dura
janvier,January/O?u Kini
baraque,barrack/agbo
filet,net/aw?n
confortable,comfortable/it?l?run
rayons,rays/egungun
Harvard,Harvard/Harvard
may,May/Le
bêtise,stupidity/oponu
jugé,judge/onidaj?
Mitch,Mitch/Kose
organise,organized/?eto
pertes,losses/aw?n adanu
planque,hideout/fipam?
grotte,cave/iho-il?
tristesse,sadness/ibanuj?
héritage,heritage/ororo
Benjamin,Youngest/Abik?hin
Antoine,Antoine/Antoine
bloqué,blocked/dina
constamment,constantly/loorekoore
infiniment,infinitely/laisi inu
manager,manager/olu?akoso obinrin
Jan,Jan/Jan
réduit,reduced/dinku
gré,grateful/omoore
filmé,filmed/filimu
stars,stars/iraw?
Owen,Owen/Owen
embrassé,embraced/pa
peint,painted/ya
Lloyd,Lloyd/Lloyd
voisine,neighbor/alabagbele
douzaine,dozen/mejila
frankenstein,Frankenstein/Flankpein
attaques,attacks/kolu
gênant,embarrassing/idojuti
superman,superman/superman
arrivant,arrival/dide
brillante,brilliant/ja
attendra,will wait/yoo duro
allure,pace/kiakia
clef,key/k?k?r?
Bruno,Bruno/Egungun ab?ra
Rebecca,Rebecca/Rebecca
bang,bang/keun
gardiens,guards/aw?n olu??
formule,formula/ami ?la
frites,fries/sisun
angel,angel/ang?li
mm,mm/mm
aperçu,Overview/Is?ni?oki
imaginais,imagined/rigb?ràn
aussitôt,right away/ni bayi
énormes,huge/titobi
wade,wade/l?fin
choisit,choose/yan
montée,climb/gun
principes,principles/aw?n ilana
marchand,trader/oni?owo
cochons,pigs/aw?n elede
repéré,spotted/gbon
récupéré,recovered/gba pada
éclate,bursts/bursts
apparence,appearance/ifarahan
habiter,to live/lati gbe
Houston,Houston/Houston
jules,Jules/Jules
foudre,lightning/ina
chasseurs,hunters/?d?
walker,walker/walke
with,with/p?lu
nièce,niece/?m? arakunrin
mérité,deserved/y? fun
dépensé,spent/lo
boys,boys/omokunrin
saisir,to input/Lati tit? sii
équilibre,balance/iw?ntunw?nsi
allumé,alight/b?l?
lâches,cowardly/ma?e
bruits,noise/ariwo
protégé,protected/daabobo
poursuite,pursuit/ilepa
résidence,residence/ibugbe
cognac,cognac/koo
passées,past/ti k?ja
intime,respondent/dahun
république,Republic/Ij?ba olomibosa
serviteur,servant/?m?-?d? ?kunrin
noyer,walnut/awusa
mortes,dead/ku
trompée,deceived/tan
morgue,morgue/okun
cherchons,let's look/je ki awo
capables,capable/lagbara lati ?e nkan
apprendra,will learn/ma ko
amateur,amateur/alaim???? obinrin
dises,say/s?
permets,allow/gba pada
mafia,mafia/mafia
engagement,commitment/fi le?e
lesquelles,which/ewo
